match_id,match_number,date,stage,team,opponent,side,goals_for,goals_against,result,won,shots,shots_on_target,possession_pct,passes,passes_completed,yellow_cards,red_cards,fouls,corners,source_url,shot_accuracy_pct,pass_accuracy_pct,phase
400021443,1,2026-06-12,Group A,South Africa,Mexico,Away,0,2,Loss,0,3,2,36,351,290,2,2,11,1,https://www.fifa.com/en/match-centre/match/17/285023/289273/400021443,66.67,82.62,Group stage
400021443,1,2026-06-12,Group A,Mexico,South Africa,Home,2,0,Win,1,16,4,57,547,495,1,1,12,3,https://www.fifa.com/en/match-centre/match/17/285023/289273/400021443,25.0,90.49,Group stage
400021441,2,2026-06-12,Group A,Czechia,Korea Republic,Away,1,2,Loss,0,7,4,34,327,241,0,0,16,5,https://www.fifa.com/en/match-centre/match/17/285023/289273/400021441,57.14,73.7,Group stage
400021441,2,2026-06-12,Group A,Korea Republic,Czechia,Home,2,1,Win,1,15,6,55,542,483,1,0,9,4,https://www.fifa.com/en/match-centre/match/17/285023/289273/400021441,40.0,89.11,Group stage
400021449,3,2026-06-13,Group B,Bosnia and Herzegovina,Canada,Away,1,1,Draw,0,8,3,29,279,186,3,0,20,4,https://www.fifa.com/en/match-centre/match/17/285023/289273/400021449,37.5,66.67,Group stage
400021449,3,2026-06-13,Group B,Canada,Bosnia and Herzegovina,Home,1,1,Draw,0,13,4,52,412,316,2,0,10,9,https://www.fifa.com/en/match-centre/match/17/285023/289273/400021449,30.77,76.7,Group stage
400021458,4,2026-06-13,Group D,Paraguay,USA,Away,1,4,Loss,0,9,1,28,316,234,5,0,17,1,https://www.fifa.com/en/match-centre/match/17/285023/289273/400021458,11.11,74.05,Group stage
400021458,4,2026-06-13,Group D,USA,Paraguay,Home,4,1,Win,1,16,6,59,602,520,1,0,13,3,https://www.fifa.com/en/match-centre/match/17/285023/289273/400021458,37.5,86.38,Group stage
400021453,5,2026-06-14,Group C,Scotland,Haiti,Away,1,0,Win,1,9,2,40,397,324,3,0,21,3,https://www.fifa.com/en/match-centre/match/17/285023/289273/400021453,22.22,81.61,Group stage
400021453,5,2026-06-14,Group C,Haiti,Scotland,Home,0,1,Loss,0,15,2,51,431,378,1,0,23,4,https://www.fifa.com/en/match-centre/match/17/285023/289273/400021453,13.33,87.7,Group stage
400021463,6,2026-06-14,Group D,Türkiye,Australia,Away,0,2,Loss,0,30,7,62,722,663,1,0,4,8,https://www.fifa.com/en/match-centre/match/17/285023/289273/400021463,23.33,91.83,Group stage
400021463,6,2026-06-14,Group D,Australia,Türkiye,Home,2,0,Win,1,9,4,27,293,224,0,0,12,5,https://www.fifa.com/en/match-centre/match/17/285023/289273/400021463,44.44,76.45,Group stage
400021456,7,2026-06-14,Group C,Morocco,Brazil,Away,1,1,Draw,0,14,3,45,503,431,0,0,14,2,https://www.fifa.com/en/match-centre/match/17/285023/289273/400021456,21.43,85.69,Group stage
400021456,7,2026-06-14,Group C,Brazil,Morocco,Home,1,1,Draw,0,12,5,46,514,457,2,0,16,6,https://www.fifa.com/en/match-centre/match/17/285023/289273/400021456,41.67,88.91,Group stage
400021447,8,2026-06-14,Group B,Switzerland,Qatar,Away,1,1,Draw,0,26,7,58,591,542,1,0,11,10,https://www.fifa.com/en/match-centre/match/17/285023/289273/400021447,26.92,91.71,Group stage
400021447,8,2026-06-14,Group B,Qatar,Switzerland,Home,1,1,Draw,0,6,3,28,289,213,2,0,12,3,https://www.fifa.com/en/match-centre/match/17/285023/289273/400021447,50.0,73.7,Group stage
400021467,9,2026-06-15,Group E,Ecuador,Côte d'Ivoire,Away,0,1,Loss,0,12,1,49,513,438,1,0,13,5,https://www.fifa.com/en/match-centre/match/17/285023/289273/400021467,8.33,85.38,Group stage
400021467,9,2026-06-15,Group E,Côte d'Ivoire,Ecuador,Home,1,0,Win,1,15,4,41,471,413,3,0,10,3,https://www.fifa.com/en/match-centre/match/17/285023/289273/400021467,26.67,87.69,Group stage
400021464,10,2026-06-15,Group E,Curaçao,Germany,Away,1,7,Loss,0,8,2,35,362,291,0,0,11,1,https://www.fifa.com/en/match-centre/match/17/285023/289273/400021464,25.0,80.39,Group stage
400021464,10,2026-06-15,Group E,Germany,Curaçao,Home,7,1,Win,1,26,12,57,641,569,0,0,18,8,https://www.fifa.com/en/match-centre/match/17/285023/289273/400021464,46.15,88.77,Group stage
400021470,11,2026-06-15,Group F,Japan,Netherlands,Away,2,2,Draw,0,9,2,37,356,302,0,0,7,4,https://www.fifa.com/en/match-centre/match/17/285023/289273/400021470,22.22,84.83,Group stage
400021470,11,2026-06-15,Group F,Netherlands,Japan,Home,2,2,Draw,0,10,6,54,529,473,3,0,7,5,https://www.fifa.com/en/match-centre/match/17/285023/289273/400021470,60.0,89.41,Group stage
400021474,12,2026-06-15,Group F,Tunisia,Sweden,Away,1,5,Loss,0,6,2,42,370,299,1,0,8,2,https://www.fifa.com/en/match-centre/match/17/285023/289273/400021474,33.33,80.81,Group stage
400021474,12,2026-06-15,Group F,Sweden,Tunisia,Home,5,1,Win,1,13,7,47,356,290,0,0,10,4,https://www.fifa.com/en/match-centre/match/17/285023/289273/400021474,53.85,81.46,Group stage
400021486,13,2026-06-16,Group H,Uruguay,Saudi Arabia,Away,1,1,Draw,0,27,10,63,623,566,0,0,6,14,https://www.fifa.com/en/match-centre/match/17/285023/289273/400021486,37.04,90.85,Group stage
400021486,13,2026-06-16,Group H,Saudi Arabia,Uruguay,Home,1,1,Draw,0,7,3,27,331,243,1,0,11,4,https://www.fifa.com/en/match-centre/match/17/285023/289273/400021486,42.86,73.41,Group stage
400021482,14,2026-06-16,Group H,Cabo Verde,Spain,Away,0,0,Draw,0,6,1,25,306,227,1,0,1,1,https://www.fifa.com/en/match-centre/match/17/285023/289273/400021482,16.67,74.18,Group stage
400021482,14,2026-06-16,Group H,Spain,Cabo Verde,Home,0,0,Draw,0,27,7,65,811,755,1,0,10,11,https://www.fifa.com/en/match-centre/match/17/285023/289273/400021482,25.93,93.09,Group stage
400021476,15,2026-06-16,Group G,New Zealand,IR Iran,Away,2,2,Draw,0,14,8,45,448,378,0,0,8,1,https://www.fifa.com/en/match-centre/match/17/285023/289273/400021476,57.14,84.38,Group stage
400021476,15,2026-06-16,Group G,IR Iran,New Zealand,Home,2,2,Draw,0,17,4,43,417,333,1,0,10,4,https://www.fifa.com/en/match-centre/match/17/285023/289273/400021476,23.53,79.86,Group stage
400021478,16,2026-06-16,Group G,Egypt,Belgium,Away,1,1,Draw,0,14,3,38,413,330,2,0,15,7,https://www.fifa.com/en/match-centre/match/17/285023/289273/400021478,21.43,79.9,Group stage
400021478,16,2026-06-16,Group G,Belgium,Egypt,Home,1,1,Draw,0,15,3,52,476,404,2,0,15,2,https://www.fifa.com/en/match-centre/match/17/285023/289273/400021478,20.0,84.87,Group stage
400021490,17,2026-06-17,Group I,Senegal,France,Away,1,3,Loss,0,6,2,44,521,453,0,0,9,4,https://www.fifa.com/en/match-centre/match/17/285023/289273/400021490,33.33,86.95,Group stage
400021490,17,2026-06-17,Group I,France,Senegal,Home,3,1,Win,1,11,8,49,584,516,0,0,5,6,https://www.fifa.com/en/match-centre/match/17/285023/289273/400021490,72.73,88.36,Group stage
400021488,18,2026-06-17,Group I,Norway,Iraq,Away,4,1,Win,1,11,5,57,548,493,0,0,13,5,https://www.fifa.com/en/match-centre/match/17/285023/289273/400021488,45.45,89.96,Group stage
400021488,18,2026-06-17,Group I,Iraq,Norway,Home,1,4,Loss,0,11,1,34,347,286,1,0,12,2,https://www.fifa.com/en/match-centre/match/17/285023/289273/400021488,9.09,82.42,Group stage
400021496,19,2026-06-17,Group J,Algeria,Argentina,Away,0,3,Loss,0,7,1,50,634,578,0,0,8,2,https://www.fifa.com/en/match-centre/match/17/285023/289273/400021496,14.29,91.17,Group stage
400021496,19,2026-06-17,Group J,Argentina,Algeria,Home,3,0,Win,1,10,6,44,578,517,0,0,13,2,https://www.fifa.com/en/match-centre/match/17/285023/289273/400021496,60.0,89.45,Group stage
400021498,20,2026-06-17,Group J,Jordan,Austria,Away,1,3,Loss,0,11,4,33,344,254,0,0,7,3,https://www.fifa.com/en/match-centre/match/17/285023/289273/400021498,36.36,73.84,Group stage
400021498,20,2026-06-17,Group J,Austria,Jordan,Home,3,1,Win,1,10,4,53,587,499,1,0,12,4,https://www.fifa.com/en/match-centre/match/17/285023/289273/400021498,40.0,85.01,Group stage
400021510,21,2026-06-18,Group L,Panama,Ghana,Away,0,1,Loss,0,11,4,55,597,526,2,0,11,2,https://www.fifa.com/en/match-centre/match/17/285023/289273/400021510,36.36,88.11,Group stage
400021510,21,2026-06-18,Group L,Ghana,Panama,Home,1,0,Win,1,7,2,35,362,304,1,0,9,2,https://www.fifa.com/en/match-centre/match/17/285023/289273/400021510,28.57,83.98,Group stage
400021507,22,2026-06-18,Group L,Croatia,England,Away,2,4,Loss,0,10,5,43,459,399,0,0,12,2,https://www.fifa.com/en/match-centre/match/17/285023/289273/400021507,50.0,86.93,Group stage
400021507,22,2026-06-18,Group L,England,Croatia,Home,4,2,Win,1,22,11,48,482,421,0,0,10,8,https://www.fifa.com/en/match-centre/match/17/285023/289273/400021507,50.0,87.34,Group stage
400021502,23,2026-06-18,Group K,Congo DR,Portugal,Away,1,1,Draw,0,8,2,25,268,214,1,0,10,4,https://www.fifa.com/en/match-centre/match/17/285023/289273/400021502,25.0,79.85,Group stage
400021502,23,2026-06-18,Group K,Portugal,Congo DR,Home,1,1,Draw,0,7,1,68,804,740,3,0,9,5,https://www.fifa.com/en/match-centre/match/17/285023/289273/400021502,14.29,92.04,Group stage
400021504,24,2026-06-18,Group K,Colombia,Uzbekistan,Away,3,1,Win,1,15,4,56,534,469,1,0,11,4,https://www.fifa.com/en/match-centre/match/17/285023/289273/400021504,26.67,87.83,Group stage
400021504,24,2026-06-18,Group K,Uzbekistan,Colombia,Home,1,3,Loss,0,8,2,33,334,267,1,0,14,3,https://www.fifa.com/en/match-centre/match/17/285023/289273/400021504,25.0,79.94,Group stage
400021440,25,2026-06-19,Group A,South Africa,Czechia,Away,1,1,Draw,0,17,4,60,584,518,2,0,10,5,https://www.fifa.com/en/match-centre/match/17/285023/289273/400021440,23.53,88.7,Group stage
400021440,25,2026-06-19,Group A,Czechia,South Africa,Home,1,1,Draw,0,14,3,32,352,279,1,0,12,5,https://www.fifa.com/en/match-centre/match/17/285023/289273/400021440,21.43,79.26,Group stage
400021446,26,2026-06-19,Group B,Bosnia and Herzegovina,Switzerland,Away,1,4,Loss,0,5,3,34,359,289,2,1,17,3,https://www.fifa.com/en/match-centre/match/17/285023/289273/400021446,60.0,80.5,Group stage
400021446,26,2026-06-19,Group B,Switzerland,Bosnia and Herzegovina,Home,4,1,Win,1,13,7,57,601,531,1,0,7,7,https://www.fifa.com/en/match-centre/match/17/285023/289273/400021446,53.85,88.35,Group stage
400021450,27,2026-06-19,Group B,Qatar,Canada,Away,0,6,Loss,0,2,0,20,166,107,1,2,10,1,https://www.fifa.com/en/match-centre/match/17/285023/289273/400021450,0.0,64.46,Group stage
400021450,27,2026-06-19,Group B,Canada,Qatar,Home,6,0,Win,1,33,11,65,575,535,1,0,9,19,https://www.fifa.com/en/match-centre/match/17/285023/289273/400021450,33.33,93.04,Group stage
400021442,28,2026-06-19,Group A,Korea Republic,Mexico,Away,0,1,Loss,0,9,2,51,593,510,2,0,7,2,https://www.fifa.com/en/match-centre/match/17/285023/289273/400021442,22.22,86.0,Group stage
400021442,28,2026-06-19,Group A,Mexico,Korea Republic,Home,1,0,Win,1,8,4,40,432,360,0,0,9,0,https://www.fifa.com/en/match-centre/match/17/285023/289273/400021442,50.0,83.33,Group stage
400021457,29,2026-06-20,Group C,Haiti,Brazil,Away,0,3,Loss,0,7,3,43,402,338,3,0,14,4,https://www.fifa.com/en/match-centre/match/17/285023/289273/400021457,42.86,84.08,Group stage
400021457,29,2026-06-20,Group C,Brazil,Haiti,Home,3,0,Win,1,7,4,49,551,484,1,0,13,4,https://www.fifa.com/en/match-centre/match/17/285023/289273/400021457,57.14,87.84,Group stage
400021454,30,2026-06-20,Group C,Morocco,Scotland,Away,1,0,Win,1,12,2,54,676,612,1,0,8,5,https://www.fifa.com/en/match-centre/match/17/285023/289273/400021454,16.67,90.53,Group stage
400021454,30,2026-06-20,Group C,Scotland,Morocco,Home,0,1,Loss,0,6,0,39,460,403,1,0,11,2,https://www.fifa.com/en/match-centre/match/17/285023/289273/400021454,0.0,87.61,Group stage
400021460,31,2026-06-20,Group D,Paraguay,Türkiye,Away,1,0,Win,1,7,2,19,171,92,1,1,15,0,https://www.fifa.com/en/match-centre/match/17/285023/289273/400021460,28.57,53.8,Group stage
400021460,31,2026-06-20,Group D,Türkiye,Paraguay,Home,0,1,Loss,0,32,5,67,666,594,1,0,14,12,https://www.fifa.com/en/match-centre/match/17/285023/289273/400021460,15.62,89.19,Group stage
400021462,32,2026-06-20,Group D,Australia,USA,Away,0,2,Loss,0,5,2,30,308,238,4,0,16,4,https://www.fifa.com/en/match-centre/match/17/285023/289273/400021462,40.0,77.27,Group stage
400021462,32,2026-06-20,Group D,USA,Australia,Home,2,0,Win,1,10,2,55,531,465,3,0,12,7,https://www.fifa.com/en/match-centre/match/17/285023/289273/400021462,20.0,87.57,Group stage
400021469,33,2026-06-21,Group E,Côte d'Ivoire,Germany,Away,1,2,Loss,0,9,2,41,449,387,0,0,7,3,https://www.fifa.com/en/match-centre/match/17/285023/289273/400021469,22.22,86.19,Group stage
400021469,33,2026-06-21,Group E,Germany,Côte d'Ivoire,Home,2,1,Win,1,16,7,49,634,578,0,0,5,8,https://www.fifa.com/en/match-centre/match/17/285023/289273/400021469,43.75,91.17,Group stage
400021465,34,2026-06-21,Group E,Curaçao,Ecuador,Away,0,0,Draw,0,10,3,23,237,167,5,0,10,0,https://www.fifa.com/en/match-centre/match/17/285023/289273/400021465,30.0,70.46,Group stage
400021465,34,2026-06-21,Group E,Ecuador,Curaçao,Home,0,0,Draw,0,27,15,65,663,601,1,0,7,9,https://www.fifa.com/en/match-centre/match/17/285023/289273/400021465,55.56,90.65,Group stage
400021472,35,2026-06-21,Group F,Sweden,Netherlands,Away,1,5,Loss,0,16,8,43,438,377,3,0,12,5,https://www.fifa.com/en/match-centre/match/17/285023/289273/400021472,50.0,86.07,Group stage
400021472,35,2026-06-21,Group F,Netherlands,Sweden,Home,5,1,Win,1,10,7,48,447,398,0,0,9,2,https://www.fifa.com/en/match-centre/match/17/285023/289273/400021472,70.0,89.04,Group stage
400021475,36,2026-06-21,Group F,Japan,Tunisia,Away,4,0,Win,1,10,4,55,593,535,0,0,15,5,https://www.fifa.com/en/match-centre/match/17/285023/289273/400021475,40.0,90.22,Group stage
400021475,36,2026-06-21,Group F,Tunisia,Japan,Home,0,4,Loss,0,2,0,36,376,305,0,0,8,3,https://www.fifa.com/en/match-centre/match/17/285023/289273/400021475,0.0,81.12,Group stage
400021487,37,2026-06-22,Group H,Cabo Verde,Uruguay,Away,2,2,Draw,0,12,4,33,293,218,2,0,4,4,https://www.fifa.com/en/match-centre/match/17/285023/289273/400021487,33.33,74.4,Group stage
400021487,37,2026-06-22,Group H,Uruguay,Cabo Verde,Home,2,2,Draw,0,17,2,54,517,444,2,0,11,11,https://www.fifa.com/en/match-centre/match/17/285023/289273/400021487,11.76,85.88,Group stage
400021483,38,2026-06-22,Group H,Saudi Arabia,Spain,Away,0,4,Loss,0,3,2,29,389,309,2,0,2,1,https://www.fifa.com/en/match-centre/match/17/285023/289273/400021483,66.67,79.43,Group stage
400021483,38,2026-06-22,Group H,Spain,Saudi Arabia,Home,4,0,Win,1,22,8,63,743,688,0,0,10,6,https://www.fifa.com/en/match-centre/match/17/285023/289273/400021483,36.36,92.6,Group stage
400021477,39,2026-06-22,Group G,IR Iran,Belgium,Away,0,0,Draw,0,7,3,30,275,201,1,0,9,2,https://www.fifa.com/en/match-centre/match/17/285023/289273/400021477,42.86,73.09,Group stage
400021477,39,2026-06-22,Group G,Belgium,IR Iran,Home,0,0,Draw,0,23,7,59,637,562,1,1,7,4,https://www.fifa.com/en/match-centre/match/17/285023/289273/400021477,30.43,88.23,Group stage
400021480,40,2026-06-22,Group G,Egypt,New Zealand,Away,3,1,Win,1,19,7,50,544,486,1,0,8,3,https://www.fifa.com/en/match-centre/match/17/285023/289273/400021480,36.84,89.34,Group stage
400021480,40,2026-06-22,Group G,New Zealand,Egypt,Home,1,3,Loss,0,11,5,39,437,355,2,0,14,4,https://www.fifa.com/en/match-centre/match/17/285023/289273/400021480,45.45,81.24,Group stage
400021491,41,2026-06-23,Group I,Senegal,Norway,Away,2,3,Loss,0,16,4,51,504,447,0,0,5,4,https://www.fifa.com/en/match-centre/match/17/285023/289273/400021491,25.0,88.69,Group stage
400021491,41,2026-06-23,Group I,Norway,Senegal,Home,3,2,Win,1,13,7,40,361,295,0,0,13,5,https://www.fifa.com/en/match-centre/match/17/285023/289273/400021491,53.85,81.72,Group stage
400021492,42,2026-06-23,Group I,Iraq,France,Away,0,3,Loss,0,4,0,44,502,431,1,0,4,2,https://www.fifa.com/en/match-centre/match/17/285023/289273/400021492,0.0,85.86,Group stage
400021492,42,2026-06-23,Group I,France,Iraq,Home,3,0,Win,1,19,5,49,604,553,0,0,8,4,https://www.fifa.com/en/match-centre/match/17/285023/289273/400021492,26.32,91.56,Group stage
400021494,43,2026-06-23,Group J,Austria,Argentina,Away,0,2,Loss,0,6,1,43,475,416,2,0,13,3,https://www.fifa.com/en/match-centre/match/17/285023/289273/400021494,16.67,87.58,Group stage
400021494,43,2026-06-23,Group J,Argentina,Austria,Home,2,0,Win,1,12,5,48,564,509,2,0,13,1,https://www.fifa.com/en/match-centre/match/17/285023/289273/400021494,41.67,90.25,Group stage
400021499,44,2026-06-23,Group J,Algeria,Jordan,Away,2,1,Win,1,17,8,62,661,590,1,0,6,10,https://www.fifa.com/en/match-centre/match/17/285023/289273/400021499,47.06,89.26,Group stage
400021499,44,2026-06-23,Group J,Jordan,Algeria,Home,1,2,Loss,0,8,4,27,270,201,1,0,11,1,https://www.fifa.com/en/match-centre/match/17/285023/289273/400021499,50.0,74.44,Group stage
400021506,45,2026-06-24,Group L,Ghana,England,Away,0,0,Draw,0,2,0,20,179,128,1,0,24,2,https://www.fifa.com/en/match-centre/match/17/285023/289273/400021506,0.0,71.51,Group stage
400021506,45,2026-06-24,Group L,England,Ghana,Home,0,0,Draw,0,19,3,72,652,605,1,0,14,9,https://www.fifa.com/en/match-centre/match/17/285023/289273/400021506,15.79,92.79,Group stage
400021511,46,2026-06-24,Group L,Croatia,Panama,Away,1,0,Win,1,6,2,52,518,445,1,0,12,2,https://www.fifa.com/en/match-centre/match/17/285023/289273/400021511,33.33,85.91,Group stage
400021511,46,2026-06-24,Group L,Panama,Croatia,Home,0,1,Loss,0,8,1,37,356,282,1,0,19,7,https://www.fifa.com/en/match-centre/match/17/285023/289273/400021511,12.5,79.21,Group stage
400021503,47,2026-06-24,Group K,Uzbekistan,Portugal,Away,0,5,Loss,0,7,2,34,347,278,1,0,15,2,https://www.fifa.com/en/match-centre/match/17/285023/289273/400021503,28.57,80.12,Group stage
400021503,47,2026-06-24,Group K,Portugal,Uzbekistan,Home,5,0,Win,1,17,9,56,639,577,1,0,14,3,https://www.fifa.com/en/match-centre/match/17/285023/289273/400021503,52.94,90.3,Group stage
400021501,48,2026-06-24,Group K,Congo DR,Colombia,Away,0,1,Loss,0,7,1,32,315,236,1,0,16,4,https://www.fifa.com/en/match-centre/match/17/285023/289273/400021501,14.29,74.92,Group stage
400021501,48,2026-06-24,Group K,Colombia,Congo DR,Home,1,0,Win,1,20,9,58,548,475,2,0,12,5,https://www.fifa.com/en/match-centre/match/17/285023/289273/400021501,45.0,86.68,Group stage
400021455,49,2026-06-25,Group C,Brazil,Scotland,Away,3,0,Win,1,21,9,51,615,571,2,0,11,6,https://www.fifa.com/en/match-centre/match/17/285023/289273/400021455,42.86,92.85,Group stage
400021455,49,2026-06-25,Group C,Scotland,Brazil,Home,0,3,Loss,0,14,5,42,520,466,1,0,10,7,https://www.fifa.com/en/match-centre/match/17/285023/289273/400021455,35.71,89.62,Group stage
400021452,50,2026-06-25,Group C,Haiti,Morocco,Away,2,4,Loss,0,9,2,31,265,212,2,0,18,1,https://www.fifa.com/en/match-centre/match/17/285023/289273/400021452,22.22,80.0,Group stage
400021452,50,2026-06-25,Group C,Morocco,Haiti,Home,4,2,Win,1,22,11,60,557,495,1,0,10,9,https://www.fifa.com/en/match-centre/match/17/285023/289273/400021452,50.0,88.87,Group stage
400021451,51,2026-06-25,Group B,Canada,Switzerland,Away,1,2,Loss,0,13,7,40,353,275,2,0,13,7,https://www.fifa.com/en/match-centre/match/17/285023/289273/400021451,53.85,77.9,Group stage
400021451,51,2026-06-25,Group B,Switzerland,Canada,Home,2,1,Win,1,6,4,48,471,389,1,0,19,2,https://www.fifa.com/en/match-centre/match/17/285023/289273/400021451,66.67,82.59,Group stage
400021448,52,2026-06-25,Group B,Qatar,Bosnia and Herzegovina,Away,1,3,Loss,0,9,3,42,457,388,1,0,14,5,https://www.fifa.com/en/match-centre/match/17/285023/289273/400021448,33.33,84.9,Group stage
400021448,52,2026-06-25,Group B,Bosnia and Herzegovina,Qatar,Home,3,1,Win,1,14,5,48,521,461,1,0,9,5,https://www.fifa.com/en/match-centre/match/17/285023/289273/400021448,35.71,88.48,Group stage
400021444,53,2026-06-25,Group A,Mexico,Czechia,Away,3,0,Win,1,11,5,46,394,340,1,0,13,1,https://www.fifa.com/en/match-centre/match/17/285023/289273/400021444,45.45,86.29,Group stage
400021444,53,2026-06-25,Group A,Czechia,Mexico,Home,0,3,Loss,0,13,1,44,423,352,0,0,9,5,https://www.fifa.com/en/match-centre/match/17/285023/289273/400021444,7.69,83.22,Group stage
400021445,54,2026-06-25,Group A,Korea Republic,South Africa,Away,0,1,Loss,0,8,3,60,718,657,1,0,9,6,https://www.fifa.com/en/match-centre/match/17/285023/289273/400021445,37.5,91.5,Group stage
400021445,54,2026-06-25,Group A,South Africa,Korea Republic,Home,1,0,Win,1,13,4,30,345,279,1,0,7,4,https://www.fifa.com/en/match-centre/match/17/285023/289273/400021445,30.77,80.87,Group stage
400021468,55,2026-06-26,Group E,Côte d'Ivoire,Curaçao,Away,2,0,Win,1,7,3,55,644,574,1,0,6,6,https://www.fifa.com/en/match-centre/match/17/285023/289273/400021468,42.86,89.13,Group stage
400021468,55,2026-06-26,Group E,Curaçao,Côte d'Ivoire,Home,0,2,Loss,0,11,2,37,369,312,2,0,11,4,https://www.fifa.com/en/match-centre/match/17/285023/289273/400021468,18.18,84.55,Group stage
400021466,56,2026-06-26,Group E,Germany,Ecuador,Away,1,2,Loss,0,11,3,51,612,537,1,0,10,2,https://www.fifa.com/en/match-centre/match/17/285023/289273/400021466,27.27,87.75,Group stage
400021466,56,2026-06-26,Group E,Ecuador,Germany,Home,2,1,Win,1,7,3,39,389,325,3,0,15,3,https://www.fifa.com/en/match-centre/match/17/285023/289273/400021466,42.86,83.55,Group stage
400021471,57,2026-06-26,Group F,Sweden,Japan,Away,1,1,Draw,0,11,5,44,410,330,2,0,11,8,https://www.fifa.com/en/match-centre/match/17/285023/289273/400021471,45.45,80.49,Group stage
400021471,57,2026-06-26,Group F,Japan,Sweden,Home,1,1,Draw,0,8,3,44,454,381,1,0,20,2,https://www.fifa.com/en/match-centre/match/17/285023/289273/400021471,37.5,83.92,Group stage
400021473,58,2026-06-26,Group F,Netherlands,Tunisia,Away,3,1,Win,1,20,7,64,668,619,0,0,10,6,https://www.fifa.com/en/match-centre/match/17/285023/289273/400021473,35.0,92.66,Group stage
400021473,58,2026-06-26,Group F,Tunisia,Netherlands,Home,1,3,Loss,0,10,4,27,265,208,0,0,11,4,https://www.fifa.com/en/match-centre/match/17/285023/289273/400021473,40.0,78.49,Group stage
400021459,59,2026-06-26,Group D,USA,Türkiye,Away,2,3,Loss,0,18,7,48,495,424,1,0,13,9,https://www.fifa.com/en/match-centre/match/17/285023/289273/400021459,38.89,85.66,Group stage
400021459,59,2026-06-26,Group D,Türkiye,USA,Home,3,2,Win,1,8,2,42,456,353,0,0,13,2,https://www.fifa.com/en/match-centre/match/17/285023/289273/400021459,25.0,77.41,Group stage
400021461,60,2026-06-26,Group D,Australia,Paraguay,Away,0,0,Draw,0,12,5,46,526,446,1,0,6,3,https://www.fifa.com/en/match-centre/match/17/285023/289273/400021461,41.67,84.79,Group stage
400021461,60,2026-06-26,Group D,Paraguay,Australia,Home,0,0,Draw,0,7,2,42,418,345,1,0,9,1,https://www.fifa.com/en/match-centre/match/17/285023/289273/400021461,28.57,82.54,Group stage
400021489,61,2026-06-27,Group I,France,Norway,Away,4,1,Win,1,18,9,51,549,492,1,0,11,5,https://www.fifa.com/en/match-centre/match/17/285023/289273/400021489,50.0,89.62,Group stage
400021489,61,2026-06-27,Group I,Norway,France,Home,1,4,Loss,0,10,5,40,448,366,1,0,9,4,https://www.fifa.com/en/match-centre/match/17/285023/289273/400021489,50.0,81.7,Group stage
400021493,62,2026-06-27,Group I,Iraq,Senegal,Away,0,5,Loss,0,6,1,30,280,200,2,1,11,3,https://www.fifa.com/en/match-centre/match/17/285023/289273/400021493,16.67,71.43,Group stage
400021493,62,2026-06-27,Group I,Senegal,Iraq,Home,5,0,Win,1,27,11,58,585,523,2,0,10,12,https://www.fifa.com/en/match-centre/match/17/285023/289273/400021493,40.74,89.4,Group stage
400021479,63,2026-06-27,Group G,IR Iran,Egypt,Away,1,1,Draw,0,13,3,36,359,280,4,0,16,2,https://www.fifa.com/en/match-centre/match/17/285023/289273/400021479,23.08,77.99,Group stage
400021479,63,2026-06-27,Group G,Egypt,IR Iran,Home,1,1,Draw,0,15,3,53,588,525,3,0,11,8,https://www.fifa.com/en/match-centre/match/17/285023/289273/400021479,20.0,89.29,Group stage
400021481,64,2026-06-27,Group G,Belgium,New Zealand,Away,5,1,Win,1,35,10,50,530,475,0,0,7,8,https://www.fifa.com/en/match-centre/match/17/285023/289273/400021481,28.57,89.62,Group stage
400021481,64,2026-06-27,Group G,New Zealand,Belgium,Home,1,5,Loss,0,6,2,40,450,379,2,0,10,5,https://www.fifa.com/en/match-centre/match/17/285023/289273/400021481,33.33,84.22,Group stage
400021485,65,2026-06-27,Group H,Saudi Arabia,Cabo Verde,Away,0,0,Draw,0,7,3,41,455,370,3,0,16,2,https://www.fifa.com/en/match-centre/match/17/285023/289273/400021485,42.86,81.32,Group stage
400021485,65,2026-06-27,Group H,Cabo Verde,Saudi Arabia,Home,0,0,Draw,0,15,2,47,465,402,1,0,10,4,https://www.fifa.com/en/match-centre/match/17/285023/289273/400021485,13.33,86.45,Group stage
400021484,66,2026-06-27,Group H,Spain,Uruguay,Away,1,0,Win,1,6,1,57,637,570,1,0,14,6,https://www.fifa.com/en/match-centre/match/17/285023/289273/400021484,16.67,89.48,Group stage
400021484,66,2026-06-27,Group H,Uruguay,Spain,Home,0,1,Loss,0,5,1,33,305,241,3,1,14,1,https://www.fifa.com/en/match-centre/match/17/285023/289273/400021484,20.0,79.02,Group stage
400021508,67,2026-06-28,Group L,England,Panama,Away,2,0,Win,1,17,6,57,562,500,1,0,13,7,https://www.fifa.com/en/match-centre/match/17/285023/289273/400021508,35.29,88.97,Group stage
400021508,67,2026-06-28,Group L,Panama,England,Home,0,2,Loss,0,13,2,33,306,231,2,0,16,3,https://www.fifa.com/en/match-centre/match/17/285023/289273/400021508,15.38,75.49,Group stage
400021509,68,2026-06-28,Group L,Ghana,Croatia,Away,1,2,Loss,0,6,1,43,466,411,1,0,13,2,https://www.fifa.com/en/match-centre/match/17/285023/289273/400021509,16.67,88.2,Group stage
400021509,68,2026-06-28,Group L,Croatia,Ghana,Home,2,1,Win,1,8,4,50,538,487,1,0,9,3,https://www.fifa.com/en/match-centre/match/17/285023/289273/400021509,50.0,90.52,Group stage
400021497,69,2026-06-28,Group J,Austria,Algeria,Away,3,3,Draw,0,10,3,33,405,355,1,0,7,3,https://www.fifa.com/en/match-centre/match/17/285023/289273/400021497,30.0,87.65,Group stage
400021497,69,2026-06-28,Group J,Algeria,Austria,Home,3,3,Draw,0,12,5,60,775,723,0,0,3,0,https://www.fifa.com/en/match-centre/match/17/285023/289273/400021497,41.67,93.29,Group stage
400021495,70,2026-06-28,Group J,Argentina,Jordan,Away,3,1,Win,1,13,4,67,824,762,0,0,7,6,https://www.fifa.com/en/match-centre/match/17/285023/289273/400021495,30.77,92.48,Group stage
400021495,70,2026-06-28,Group J,Jordan,Argentina,Home,1,3,Loss,0,5,1,27,300,239,3,0,13,2,https://www.fifa.com/en/match-centre/match/17/285023/289273/400021495,20.0,79.67,Group stage
400021505,71,2026-06-28,Group K,Portugal,Colombia,Away,0,0,Draw,0,13,2,41,456,421,0,0,6,2,https://www.fifa.com/en/match-centre/match/17/285023/289273/400021505,15.38,92.32,Group stage
400021505,71,2026-06-28,Group K,Colombia,Portugal,Home,0,0,Draw,0,24,7,51,547,491,1,0,12,5,https://www.fifa.com/en/match-centre/match/17/285023/289273/400021505,29.17,89.76,Group stage
400021500,72,2026-06-28,Group K,Uzbekistan,Congo DR,Away,1,3,Loss,0,3,1,36,378,283,2,0,16,4,https://www.fifa.com/en/match-centre/match/17/285023/289273/400021500,33.33,74.87,Group stage
400021500,72,2026-06-28,Group K,Congo DR,Uzbekistan,Home,3,1,Win,1,19,5,53,495,419,3,0,6,2,https://www.fifa.com/en/match-centre/match/17/285023/289273/400021500,26.32,84.65,Group stage
400021518,73,2026-06-29,Round of 32,Canada,South Africa,Away,1,0,Win,1,12,7,35,390,314,2,0,16,4,https://www.fifa.com/en/match-centre/match/17/285023/289287/400021518,58.33,80.51,Knockout stage
400021518,73,2026-06-29,Round of 32,South Africa,Canada,Home,0,1,Loss,0,6,1,55,575,486,0,0,10,1,https://www.fifa.com/en/match-centre/match/17/285023/289287/400021518,16.67,84.52,Knockout stage
400021513,74,2026-06-30,Round of 32,Paraguay,Germany,Away,1,1,Draw,0,7,3,23,264,166,2,0,12,6,https://www.fifa.com/en/match-centre/match/17/285023/289287/400021513,42.86,62.88,Knockout stage
400021513,74,2026-06-30,Round of 32,Germany,Paraguay,Home,1,1,Draw,0,21,6,65,834,752,2,0,18,16,https://www.fifa.com/en/match-centre/match/17/285023/289287/400021513,28.57,90.17,Knockout stage
400021522,75,2026-06-30,Round of 32,Morocco,Netherlands,Away,1,1,Draw,0,11,5,61,891,813,1,0,15,8,https://www.fifa.com/en/match-centre/match/17/285023/289287/400021522,45.45,91.25,Knockout stage
400021522,75,2026-06-30,Round of 32,Netherlands,Morocco,Home,1,1,Draw,0,6,2,31,395,307,0,0,18,5,https://www.fifa.com/en/match-centre/match/17/285023/289287/400021522,33.33,77.72,Knockout stage
400021516,76,2026-06-30,Round of 32,Japan,Brazil,Away,1,2,Loss,0,5,2,30,330,279,3,0,13,2,https://www.fifa.com/en/match-centre/match/17/285023/289287/400021516,40.0,84.55,Knockout stage
400021516,76,2026-06-30,Round of 32,Brazil,Japan,Home,2,1,Win,1,19,7,61,715,652,2,0,4,6,https://www.fifa.com/en/match-centre/match/17/285023/289287/400021516,36.84,91.19,Knockout stage
400021523,77,2026-07-01,Round of 32,Sweden,France,Away,0,3,Loss,0,8,3,38,365,296,0,0,10,1,https://www.fifa.com/en/match-centre/match/17/285023/289287/400021523,37.5,81.1,Knockout stage
400021523,77,2026-07-01,Round of 32,France,Sweden,Home,3,0,Win,1,25,12,53,548,498,0,0,14,9,https://www.fifa.com/en/match-centre/match/17/285023/289287/400021523,48.0,90.88,Knockout stage
400021514,78,2026-07-01,Round of 32,Norway,Côte d'Ivoire,Away,2,1,Win,1,9,4,50,492,442,1,0,7,3,https://www.fifa.com/en/match-centre/match/17/285023/289287/400021514,44.44,89.84,Knockout stage
400021514,78,2026-07-01,Round of 32,Côte d'Ivoire,Norway,Home,1,2,Loss,0,14,5,41,406,353,0,0,6,14,https://www.fifa.com/en/match-centre/match/17/285023/289287/400021514,35.71,86.95,Knockout stage
400021520,79,2026-07-01,Round of 32,Ecuador,Mexico,Away,0,2,Loss,0,7,1,52,420,353,3,1,14,8,https://www.fifa.com/en/match-centre/match/17/285023/289287/400021520,14.29,84.05,Knockout stage
400021520,79,2026-07-01,Round of 32,Mexico,Ecuador,Home,2,0,Win,1,15,3,37,317,259,0,0,10,3,https://www.fifa.com/en/match-centre/match/17/285023/289287/400021520,20.0,81.7,Knockout stage
400021512,80,2026-07-02,Round of 32,Congo DR,England,Away,1,2,Loss,0,7,2,37,392,326,1,0,12,3,https://www.fifa.com/en/match-centre/match/17/285023/289287/400021512,28.57,83.16,Knockout stage
400021512,80,2026-07-02,Round of 32,England,Congo DR,Home,2,1,Win,1,16,7,53,523,482,1,0,10,5,https://www.fifa.com/en/match-centre/match/17/285023/289287/400021512,43.75,92.16,Knockout stage
400021524,81,2026-07-02,Round of 32,Bosnia and Herzegovina,USA,Away,0,2,Loss,0,10,3,47,459,381,1,0,13,3,https://www.fifa.com/en/match-centre/match/17/285023/289287/400021524,30.0,83.01,Knockout stage
400021524,81,2026-07-02,Round of 32,USA,Bosnia and Herzegovina,Home,2,0,Win,1,8,2,43,425,362,0,1,7,4,https://www.fifa.com/en/match-centre/match/17/285023/289287/400021524,25.0,85.18,Knockout stage
400021525,82,2026-07-02,Round of 32,Senegal,Belgium,Away,2,3,Loss,0,19,5,42,638,555,1,0,12,2,https://www.fifa.com/en/match-centre/match/17/285023/289287/400021525,26.32,86.99,Knockout stage
400021525,82,2026-07-02,Round of 32,Belgium,Senegal,Home,3,2,Win,1,19,5,48,695,607,1,0,22,4,https://www.fifa.com/en/match-centre/match/17/285023/289287/400021525,26.32,87.34,Knockout stage
400021526,83,2026-07-03,Round of 32,Croatia,Portugal,Away,1,2,Loss,0,13,6,37,386,330,2,0,12,5,https://www.fifa.com/en/match-centre/match/17/285023/289287/400021526,46.15,85.49,Knockout stage
400021526,83,2026-07-03,Round of 32,Portugal,Croatia,Home,2,1,Win,1,15,3,55,588,538,1,0,6,9,https://www.fifa.com/en/match-centre/match/17/285023/289287/400021526,20.0,91.5,Knockout stage
400021519,84,2026-07-03,Round of 32,Austria,Spain,Away,0,3,Loss,0,5,0,33,360,291,1,0,15,0,https://www.fifa.com/en/match-centre/match/17/285023/289287/400021519,0.0,80.83,Knockout stage
400021519,84,2026-07-03,Round of 32,Spain,Austria,Home,3,0,Win,1,23,10,59,643,589,0,0,8,9,https://www.fifa.com/en/match-centre/match/17/285023/289287/400021519,43.48,91.6,Knockout stage
400021527,85,2026-07-03,Round of 32,Algeria,Switzerland,Away,0,2,Loss,0,8,2,51,571,491,2,0,12,2,https://www.fifa.com/en/match-centre/match/17/285023/289287/400021527,25.0,85.99,Knockout stage
400021527,85,2026-07-03,Round of 32,Switzerland,Algeria,Home,2,0,Win,1,11,5,40,451,371,0,0,10,4,https://www.fifa.com/en/match-centre/match/17/285023/289287/400021527,45.45,82.26,Knockout stage
400021521,86,2026-07-04,Round of 32,Cabo Verde,Argentina,Away,2,3,Loss,0,16,5,34,491,425,1,0,12,8,https://www.fifa.com/en/match-centre/match/17/285023/289287/400021521,31.25,86.56,Knockout stage
400021521,86,2026-07-04,Round of 32,Argentina,Cabo Verde,Home,3,2,Win,1,22,12,59,862,800,1,0,13,8,https://www.fifa.com/en/match-centre/match/17/285023/289287/400021521,54.55,92.81,Knockout stage
400021517,87,2026-07-04,Round of 32,Ghana,Colombia,Away,0,1,Loss,0,8,0,38,390,329,3,0,10,2,https://www.fifa.com/en/match-centre/match/17/285023/289287/400021517,0.0,84.36,Knockout stage
400021517,87,2026-07-04,Round of 32,Colombia,Ghana,Home,1,0,Win,1,20,8,54,598,540,2,0,14,3,https://www.fifa.com/en/match-centre/match/17/285023/289287/400021517,40.0,90.3,Knockout stage
400021515,88,2026-07-04,Round of 32,Egypt,Australia,Away,1,1,Draw,0,14,4,53,729,638,2,0,14,7,https://www.fifa.com/en/match-centre/match/17/285023/289287/400021515,28.57,87.52,Knockout stage
400021515,88,2026-07-04,Round of 32,Australia,Egypt,Home,1,1,Draw,0,16,2,35,520,428,0,0,12,4,https://www.fifa.com/en/match-centre/match/17/285023/289287/400021515,12.5,82.31,Knockout stage
400021533,89,2026-07-05,Round of 16,France,Paraguay,Away,1,0,Win,1,15,5,66,587,526,3,0,11,12,https://www.fifa.com/en/match-centre/match/17/285023/289288/400021533,33.33,89.61,Knockout stage
400021533,89,2026-07-05,Round of 16,Paraguay,France,Home,0,1,Loss,0,5,0,22,191,108,0,0,13,2,https://www.fifa.com/en/match-centre/match/17/285023/289288/400021533,0.0,56.54,Knockout stage
400021530,90,2026-07-05,Round of 16,Morocco,Canada,Away,3,0,Win,1,5,4,50,499,420,4,0,14,1,https://www.fifa.com/en/match-centre/match/17/285023/289288/400021530,80.0,84.17,Knockout stage
400021530,90,2026-07-05,Round of 16,Canada,Morocco,Home,0,3,Loss,0,10,3,37,368,282,4,0,24,11,https://www.fifa.com/en/match-centre/match/17/285023/289288/400021530,30.0,76.63,Knockout stage
400021532,91,2026-07-06,Round of 16,Norway,Brazil,Away,2,1,Win,1,9,5,60,683,627,0,0,6,5,https://www.fifa.com/en/match-centre/match/17/285023/289288/400021532,55.56,91.8,Knockout stage
400021532,91,2026-07-06,Round of 16,Brazil,Norway,Home,1,2,Loss,0,14,4,32,347,298,1,0,7,5,https://www.fifa.com/en/match-centre/match/17/285023/289288/400021532,28.57,85.88,Knockout stage
400021531,92,2026-07-06,Round of 16,England,Mexico,Away,3,2,Win,1,6,5,31,254,204,4,1,7,2,https://www.fifa.com/en/match-centre/match/17/285023/289288/400021531,83.33,80.31,Knockout stage
400021531,92,2026-07-06,Round of 16,Mexico,England,Home,2,3,Loss,0,20,5,59,485,448,2,0,14,12,https://www.fifa.com/en/match-centre/match/17/285023/289288/400021531,25.0,92.37,Knockout stage
400021529,93,2026-07-07,Round of 16,Spain,Portugal,Away,1,0,Win,1,15,6,50,548,490,1,0,13,7,https://www.fifa.com/en/match-centre/match/17/285023/289288/400021529,40.0,89.42,Knockout stage
400021529,93,2026-07-07,Round of 16,Portugal,Spain,Home,0,1,Loss,0,10,2,41,459,378,2,0,9,3,https://www.fifa.com/en/match-centre/match/17/285023/289288/400021529,20.0,82.35,Knockout stage
400021534,94,2026-07-07,Round of 16,Belgium,USA,Away,4,1,Win,1,15,7,40,423,340,0,0,9,5,https://www.fifa.com/en/match-centre/match/17/285023/289288/400021534,46.67,80.38,Knockout stage
400021534,94,2026-07-07,Round of 16,USA,Belgium,Home,1,4,Loss,0,7,2,51,553,483,2,0,11,3,https://www.fifa.com/en/match-centre/match/17/285023/289288/400021534,28.57,87.34,Knockout stage
400021528,95,2026-07-08,Round of 16,Egypt,Argentina,Away,2,3,Loss,0,5,2,34,382,316,4,0,11,1,https://www.fifa.com/en/match-centre/match/17/285023/289288/400021528,40.0,82.72,Knockout stage
400021528,95,2026-07-08,Round of 16,Argentina,Egypt,Home,3,2,Win,1,19,7,57,618,558,0,0,13,6,https://www.fifa.com/en/match-centre/match/17/285023/289288/400021528,36.84,90.29,Knockout stage
400021535,96,2026-07-08,Round of 16,Colombia,Switzerland,Away,0,0,Draw,0,15,3,44,562,462,2,0,21,7,https://www.fifa.com/en/match-centre/match/17/285023/289288/400021535,20.0,82.21,Knockout stage
400021535,96,2026-07-08,Round of 16,Switzerland,Colombia,Home,0,0,Draw,0,7,2,48,641,561,3,0,22,3,https://www.fifa.com/en/match-centre/match/17/285023/289288/400021535,28.57,87.52,Knockout stage
400021536,97,2026-07-10,Quarter-final,Morocco,France,Away,0,2,Loss,0,5,1,46,539,469,1,0,13,5,https://www.fifa.com/en/match-centre/match/17/285023/289289/400021536,20.0,87.01,Knockout stage
400021536,97,2026-07-10,Quarter-final,France,Morocco,Home,2,0,Win,1,22,8,46,497,450,0,0,10,5,https://www.fifa.com/en/match-centre/match/17/285023/289289/400021536,36.36,90.54,Knockout stage
400021538,98,2026-07-11,Quarter-final,Belgium,Spain,Away,1,2,Loss,0,5,2,30,320,254,2,0,18,1,https://www.fifa.com/en/match-centre/match/17/285023/289289/400021538,40.0,79.38,Knockout stage
400021538,98,2026-07-11,Quarter-final,Spain,Belgium,Home,2,1,Win,1,17,8,61,693,625,2,0,13,5,https://www.fifa.com/en/match-centre/match/17/285023/289289/400021538,47.06,90.19,Knockout stage
400021539,99,2026-07-12,Quarter-final,England,Norway,Away,2,1,Win,1,14,7,47,653,593,0,0,8,4,https://www.fifa.com/en/match-centre/match/17/285023/289289/400021539,50.0,90.81,Knockout stage
400021539,99,2026-07-12,Quarter-final,Norway,England,Home,1,2,Loss,0,13,4,44,582,504,1,0,10,7,https://www.fifa.com/en/match-centre/match/17/285023/289289/400021539,30.77,86.6,Knockout stage
400021537,100,2026-07-12,Quarter-final,Switzerland,Argentina,Away,1,3,Loss,0,11,5,37,476,404,2,1,18,2,https://www.fifa.com/en/match-centre/match/17/285023/289289/400021537,45.45,84.87,Knockout stage
400021537,100,2026-07-12,Quarter-final,Argentina,Switzerland,Home,3,1,Win,1,22,7,54,716,629,3,0,14,8,https://www.fifa.com/en/match-centre/match/17/285023/289289/400021537,31.82,87.85,Knockout stage
400021541,101,2026-07-15,Semi-final,Spain,France,Away,2,0,Win,1,10,2,45,517,439,1,0,12,1,https://www.fifa.com/en/match-centre/match/17/285023/289290/400021541,20.0,84.91,Knockout stage
400021541,101,2026-07-15,Semi-final,France,Spain,Home,0,2,Loss,0,10,3,46,496,417,2,0,11,7,https://www.fifa.com/en/match-centre/match/17/285023/289290/400021541,30.0,84.07,Knockout stage
400021540,102,2026-07-16,Semi-final,Argentina,England,Away,2,1,Win,1,15,5,56,610,549,3,0,15,6,https://www.fifa.com/en/match-centre/match/17/285023/289290/400021540,33.33,90.0,Knockout stage
400021540,102,2026-07-16,Semi-final,England,Argentina,Home,1,2,Loss,0,5,2,35,353,293,1,0,11,1,https://www.fifa.com/en/match-centre/match/17/285023/289290/400021540,40.0,83.0,Knockout stage
400021542,103,2026-07-19,Bronze final,England,France,Away,6,4,Win,1,19,11,51,535,479,0,0,8,4,https://www.fifa.com/en/match-centre/match/17/285023/289291/400021542,57.89,89.53,Knockout stage
400021542,103,2026-07-19,Bronze final,France,England,Home,4,6,Loss,0,19,9,41,453,412,0,0,14,3,https://www.fifa.com/en/match-centre/match/17/285023/289291/400021542,47.37,90.95,Knockout stage
400021543,104,2026-07-20,Final,Argentina,Spain,Away,0,1,Loss,0,2,0,32,476,375,6,1,25,4,https://www.fifa.com/en/match-centre/match/17/285023/289292/400021543,0.0,78.78,Knockout stage
400021543,104,2026-07-20,Final,Spain,Argentina,Home,1,0,Win,1,20,12,60,878,789,0,0,21,9,https://www.fifa.com/en/match-centre/match/17/285023/289292/400021543,60.0,89.86,Knockout stage
