match_id,result_id,date,stage,team,distance_km
400021443,151600,2026-06-11T19:00:00Z,First Stage,Mexico,107.31
400021443,151600,2026-06-11T19:00:00Z,First Stage,South Africa,97.06
400021441,151608,2026-06-12T02:00:00Z,First Stage,Korea Republic,111.81
400021441,151608,2026-06-12T02:00:00Z,First Stage,Czechia,117.63
400021449,151614,2026-06-12T19:00:00Z,First Stage,Canada,111.34
400021449,151614,2026-06-12T19:00:00Z,First Stage,Bosnia and Herzegovina,109.53
400021458,151625,2026-06-13T01:00:00Z,First Stage,USA,119.91
400021458,151625,2026-06-13T01:00:00Z,First Stage,Paraguay,114.31
400021447,151613,2026-06-13T19:00:00Z,First Stage,Qatar,109.24
400021447,151613,2026-06-13T19:00:00Z,First Stage,Switzerland,109.41
400021456,151620,2026-06-13T22:00:00Z,First Stage,Brazil,113.66
400021456,151620,2026-06-13T22:00:00Z,First Stage,Morocco,114.9
400021453,151619,2026-06-14T01:00:00Z,First Stage,Haiti,113.74
400021453,151619,2026-06-14T01:00:00Z,First Stage,Scotland,117.57
400021463,151626,2026-06-14T04:00:00Z,First Stage,Australia,116.63
400021463,151626,2026-06-14T04:00:00Z,First Stage,Türkiye,112.45
400021464,151631,2026-06-14T17:00:00Z,First Stage,Germany,116.22
400021464,151631,2026-06-14T17:00:00Z,First Stage,Curaçao,103.49
400021470,151638,2026-06-14T20:00:00Z,First Stage,Netherlands,102.94
400021470,151638,2026-06-14T20:00:00Z,First Stage,Japan,109.4
400021467,151632,2026-06-14T23:00:00Z,First Stage,Côte d'Ivoire,109.59
400021467,151632,2026-06-14T23:00:00Z,First Stage,Ecuador,108.42
400021474,151637,2026-06-15T02:00:00Z,First Stage,Sweden,111.34
400021474,151637,2026-06-15T02:00:00Z,First Stage,Tunisia,109.72
400021482,151649,2026-06-15T16:00:00Z,First Stage,Spain,115.47
400021482,151649,2026-06-15T16:00:00Z,First Stage,Cabo Verde,112.37
400021478,151643,2026-06-15T19:00:00Z,First Stage,Belgium,115.16
400021478,151643,2026-06-15T19:00:00Z,First Stage,Egypt,113.96
400021486,151650,2026-06-15T22:00:00Z,First Stage,Saudi Arabia,109.54
400021486,151650,2026-06-15T22:00:00Z,First Stage,Uruguay,110.92
400021476,151644,2026-06-16T01:00:00Z,First Stage,IR Iran,113.02
400021476,151644,2026-06-16T01:00:00Z,First Stage,New Zealand,112.9
400021490,151656,2026-06-16T19:00:00Z,First Stage,France,120.18
400021490,151656,2026-06-16T19:00:00Z,First Stage,Senegal,116.73
400021488,151655,2026-06-16T22:00:00Z,First Stage,Iraq,111.74
400021488,151655,2026-06-16T22:00:00Z,First Stage,Norway,116.26
400021496,151662,2026-06-17T01:00:00Z,First Stage,Argentina,108.39
400021496,151662,2026-06-17T01:00:00Z,First Stage,Algeria,109.32
400021498,151661,2026-06-17T04:00:00Z,First Stage,Austria,120.37
400021498,151661,2026-06-17T04:00:00Z,First Stage,Jordan,119.22
400021502,151668,2026-06-17T17:00:00Z,First Stage,Portugal,109.78
400021502,151668,2026-06-17T17:00:00Z,First Stage,Congo DR,112.4
400021507,151673,2026-06-17T20:00:00Z,First Stage,England,116.98
400021507,151673,2026-06-17T20:00:00Z,First Stage,Croatia,113.72
400021510,151674,2026-06-17T23:00:00Z,First Stage,Ghana,119
400021510,151674,2026-06-17T23:00:00Z,First Stage,Panama,117.28
400021504,151667,2026-06-18T02:00:00Z,First Stage,Uzbekistan,112.02
400021504,151667,2026-06-18T02:00:00Z,First Stage,Colombia,108.71
400021440,151610,2026-06-18T16:00:00Z,First Stage,Czechia,119.59
400021440,151610,2026-06-18T16:00:00Z,First Stage,South Africa,112.01
400021446,151616,2026-06-18T19:00:00Z,First Stage,Switzerland,114.88
400021446,151616,2026-06-18T19:00:00Z,First Stage,Bosnia and Herzegovina,113.08
400021450,151615,2026-06-18T22:00:00Z,First Stage,Canada,111.22
400021450,151615,2026-06-18T22:00:00Z,First Stage,Qatar,90.75
400021442,151609,2026-06-19T01:00:00Z,First Stage,Mexico,116.55
400021442,151609,2026-06-19T01:00:00Z,First Stage,Korea Republic,112.11
400021462,151627,2026-06-19T19:00:00Z,First Stage,USA,111.09
400021462,151627,2026-06-19T19:00:00Z,First Stage,Australia,112.83
400021454,151621,2026-06-19T22:00:00Z,First Stage,Scotland,117.75
400021454,151621,2026-06-19T22:00:00Z,First Stage,Morocco,115.36
400021457,151622,2026-06-20T00:30:00Z,First Stage,Brazil,113.63
400021457,151622,2026-06-20T00:30:00Z,First Stage,Haiti,112.82
400021460,151628,2026-06-20T03:00:00Z,First Stage,Türkiye,123.34
400021460,151628,2026-06-20T03:00:00Z,First Stage,Paraguay,116.96
400021472,151640,2026-06-20T17:00:00Z,First Stage,Netherlands,108.37
400021472,151640,2026-06-20T17:00:00Z,First Stage,Sweden,110.05
400021469,151634,2026-06-20T20:00:00Z,First Stage,Germany,125.83
400021469,151634,2026-06-20T20:00:00Z,First Stage,Côte d'Ivoire,113.15
400021465,151633,2026-06-21T00:00:00Z,First Stage,Ecuador,103.72
400021465,151633,2026-06-21T00:00:00Z,First Stage,Curaçao,106.11
400021475,151639,2026-06-21T04:00:00Z,First Stage,Tunisia,112.44
400021475,151639,2026-06-21T04:00:00Z,First Stage,Japan,112.23
400021483,151651,2026-06-21T16:00:00Z,First Stage,Spain,115.53
400021483,151651,2026-06-21T16:00:00Z,First Stage,Saudi Arabia,115
400021477,151646,2026-06-21T19:00:00Z,First Stage,Belgium,111.75
400021477,151646,2026-06-21T19:00:00Z,First Stage,IR Iran,112.58
400021487,151652,2026-06-21T22:00:00Z,First Stage,Uruguay,112.78
400021487,151652,2026-06-21T22:00:00Z,First Stage,Cabo Verde,107.36
400021480,151645,2026-06-22T01:00:00Z,First Stage,New Zealand,118.51
400021480,151645,2026-06-22T01:00:00Z,First Stage,Egypt,118.32
400021494,151664,2026-06-22T17:00:00Z,First Stage,Argentina,104.37
400021494,151664,2026-06-22T17:00:00Z,First Stage,Austria,107.77
400021492,151657,2026-06-22T21:00:00Z,First Stage,France,107.71
400021492,151657,2026-06-22T21:00:00Z,First Stage,Iraq,112.09
400021491,151658,2026-06-23T00:00:00Z,First Stage,Norway,120.26
400021491,151658,2026-06-23T00:00:00Z,First Stage,Senegal,111.22
400021499,151663,2026-06-23T03:00:00Z,First Stage,Jordan,117.49
400021499,151663,2026-06-23T03:00:00Z,First Stage,Algeria,116.29
400021503,151670,2026-06-23T17:00:00Z,First Stage,Portugal,110.2
400021503,151670,2026-06-23T17:00:00Z,First Stage,Uzbekistan,109.62
400021506,151676,2026-06-23T20:00:00Z,First Stage,England,108.28
400021506,151676,2026-06-23T20:00:00Z,First Stage,Ghana,105.86
400021511,151675,2026-06-23T23:00:00Z,First Stage,Panama,108.17
400021511,151675,2026-06-23T23:00:00Z,First Stage,Croatia,110.04
400021501,151669,2026-06-24T02:00:00Z,First Stage,Colombia,103.98
400021501,151669,2026-06-24T02:00:00Z,First Stage,Congo DR,106.02
400021448,151618,2026-06-24T19:00:00Z,First Stage,Bosnia and Herzegovina,113.85
400021448,151618,2026-06-24T19:00:00Z,First Stage,Qatar,110.04
400021451,151617,2026-06-24T19:00:00Z,First Stage,Switzerland,109.88
400021451,151617,2026-06-24T19:00:00Z,First Stage,Canada,114.63
400021452,151623,2026-06-24T22:00:00Z,First Stage,Morocco,111.17
400021452,151623,2026-06-24T22:00:00Z,First Stage,Haiti,107.53
400021455,151624,2026-06-24T22:00:00Z,First Stage,Scotland,113.25
400021455,151624,2026-06-24T22:00:00Z,First Stage,Brazil,110.68
400021445,151612,2026-06-25T01:00:00Z,First Stage,South Africa,111.82
400021445,151612,2026-06-25T01:00:00Z,First Stage,Korea Republic,111.04
400021444,151611,2026-06-25T01:00:00Z,First Stage,Czechia,111.6
400021444,151611,2026-06-25T01:00:00Z,First Stage,Mexico,114.65
400021468,151635,2026-06-25T20:00:00Z,First Stage,Curaçao,106.17
400021468,151635,2026-06-25T20:00:00Z,First Stage,Côte d'Ivoire,106.42
400021466,151636,2026-06-25T20:00:00Z,First Stage,Ecuador,109.83
400021466,151636,2026-06-25T20:00:00Z,First Stage,Germany,114.51
400021473,151642,2026-06-25T23:00:00Z,First Stage,Tunisia,111.1
400021473,151642,2026-06-25T23:00:00Z,First Stage,Netherlands,106.81
400021471,151641,2026-06-25T23:00:00Z,First Stage,Japan,110.24
400021471,151641,2026-06-25T23:00:00Z,First Stage,Sweden,111.13
400021461,151629,2026-06-26T02:00:00Z,First Stage,Paraguay,113.07
400021461,151629,2026-06-26T02:00:00Z,First Stage,Australia,116.45
400021459,151630,2026-06-26T02:00:00Z,First Stage,Türkiye,115.03
400021459,151630,2026-06-26T02:00:00Z,First Stage,USA,127.62
400021493,151659,2026-06-26T19:00:00Z,First Stage,Senegal,111.9
400021493,151659,2026-06-26T19:00:00Z,First Stage,Iraq,104.69
400021489,151660,2026-06-26T19:00:00Z,First Stage,Norway,113.53
400021489,151660,2026-06-26T19:00:00Z,First Stage,France,109.12
400021484,151653,2026-06-27T00:00:00Z,First Stage,Uruguay,113.76
400021484,151653,2026-06-27T00:00:00Z,First Stage,Spain,111.17
400021485,151654,2026-06-27T00:00:00Z,First Stage,Cabo Verde,115.46
400021485,151654,2026-06-27T00:00:00Z,First Stage,Saudi Arabia,113.94
400021481,151647,2026-06-27T03:00:00Z,First Stage,New Zealand,117.63
400021481,151647,2026-06-27T03:00:00Z,First Stage,Belgium,119.85
400021479,151648,2026-06-27T03:00:00Z,First Stage,Egypt,117.17
400021479,151648,2026-06-27T03:00:00Z,First Stage,IR Iran,118.77
400021508,151678,2026-06-27T21:00:00Z,First Stage,Panama,111.27
400021508,151678,2026-06-27T21:00:00Z,First Stage,England,115.21
400021509,151677,2026-06-27T21:00:00Z,First Stage,Croatia,110.47
400021509,151677,2026-06-27T21:00:00Z,First Stage,Ghana,106.4
400021500,151671,2026-06-27T23:30:00Z,First Stage,Congo DR,115.07
400021500,151671,2026-06-27T23:30:00Z,First Stage,Uzbekistan,115.8
400021505,151672,2026-06-27T23:30:00Z,First Stage,Colombia,102.98
400021505,151672,2026-06-27T23:30:00Z,First Stage,Portugal,104.04
400021497,151666,2026-06-28T02:00:00Z,First Stage,Algeria,105.2
400021497,151666,2026-06-28T02:00:00Z,First Stage,Austria,113.29
400021495,151665,2026-06-28T02:00:00Z,First Stage,Jordan,110.61
400021495,151665,2026-06-28T02:00:00Z,First Stage,Argentina,105.9
400021518,151679,2026-06-28T19:00:00Z,Round of 32,43883,108.18
400021518,151679,2026-06-28T19:00:00Z,Round of 32,43899,117.04
400021516,151681,2026-06-29T17:00:00Z,Round of 32,43924,110.04
400021516,151681,2026-06-29T17:00:00Z,Round of 32,43819,114.88
400021513,151682,2026-06-29T20:30:00Z,Round of 32,43948,152.37
400021513,151682,2026-06-29T20:30:00Z,Round of 32,43928,143.81
400021522,151680,2026-06-30T01:00:00Z,Round of 32,43960,137.64
400021522,151680,2026-06-30T01:00:00Z,Round of 32,43872,139.47
400021514,151684,2026-06-30T17:00:00Z,Round of 32,43854,105.78
400021514,151684,2026-06-30T17:00:00Z,Round of 32,43961,114.46
400021523,151685,2026-06-30T21:00:00Z,Round of 32,43946,107.68
400021523,151685,2026-06-30T21:00:00Z,Round of 32,43970,107.26
400021520,151683,2026-07-01T01:00:00Z,Round of 32,43911,113.29
400021520,151683,2026-07-01T01:00:00Z,Round of 32,43927,105.01
400021512,151688,2026-07-01T16:00:00Z,Round of 32,43942,115.5
400021512,151688,2026-07-01T16:00:00Z,Round of 32,20014,113.97
400021525,151686,2026-07-01T20:00:00Z,Round of 32,43935,160.49
400021525,151686,2026-07-01T20:00:00Z,Round of 32,43879,152.94
400021524,151687,2026-07-02T00:00:00Z,Round of 32,43921,117.04
400021524,151687,2026-07-02T00:00:00Z,Round of 32,44037,117.13
400021519,151690,2026-07-02T19:00:00Z,Round of 32,43969,112.4
400021519,151690,2026-07-02T19:00:00Z,Round of 32,43934,110.49
400021526,151691,2026-07-02T23:00:00Z,Round of 32,43963,116.63
400021526,151691,2026-07-02T23:00:00Z,Round of 32,43938,118.09
400021527,151689,2026-07-03T03:00:00Z,Round of 32,43971,115.4
400021527,151689,2026-07-03T03:00:00Z,Round of 32,43843,113.16
400021515,151692,2026-07-03T18:00:00Z,Round of 32,43976,148.11
400021515,151692,2026-07-03T18:00:00Z,Round of 32,43855,142.45
400021521,151694,2026-07-03T22:00:00Z,Round of 32,43922,140.62
400021521,151694,2026-07-03T22:00:00Z,Round of 32,43850,141.24
400021517,151693,2026-07-04T01:30:00Z,Round of 32,43926,107.41
400021517,151693,2026-07-04T01:30:00Z,Round of 32,43860,105.55
400021530,151695,2026-07-04T17:00:00Z,Round of 16,43899,116.23
400021530,151695,2026-07-04T17:00:00Z,Round of 16,43872,108.8
400021533,151696,2026-07-04T21:00:00Z,Round of 16,43928,104.41
400021533,151696,2026-07-04T21:00:00Z,Round of 16,43946,104.83
400021532,151698,2026-07-05T20:00:00Z,Round of 16,43924,113.3
400021532,151698,2026-07-05T20:00:00Z,Round of 16,43961,120.5
400021531,151697,2026-07-06T00:00:00Z,Round of 16,43911,112.05
400021531,151697,2026-07-06T00:00:00Z,Round of 16,43942,106.74
400021529,151700,2026-07-06T19:00:00Z,Round of 16,43963,112.82
400021529,151700,2026-07-06T19:00:00Z,Round of 16,43969,115.38
400021534,151699,2026-07-07T00:00:00Z,Round of 16,43921,119.25
400021534,151699,2026-07-07T00:00:00Z,Round of 16,43921,117.95
400021528,151702,2026-07-07T16:00:00Z,Round of 16,43922,110.43
400021528,151702,2026-07-07T16:00:00Z,Round of 16,43855,115.94
400021535,151701,2026-07-07T20:00:00Z,Round of 16,43971,140.66
400021535,151701,2026-07-07T20:00:00Z,Round of 16,43926,136.89
400021536,151703,2026-07-09T20:00:00Z,Quarter-final,43946,108.57
400021536,151703,2026-07-09T20:00:00Z,Quarter-final,43872,108.25
400021538,151704,2026-07-10T19:00:00Z,Quarter-final,43969,114.59
400021538,151704,2026-07-10T19:00:00Z,Quarter-final,43935,116.16
400021539,151706,2026-07-11T21:00:00Z,Quarter-final,43961,148.94
400021539,151706,2026-07-11T21:00:00Z,Quarter-final,43942,140.79
400021537,151705,2026-07-12T01:00:00Z,Quarter-final,43922,136.75
400021537,151705,2026-07-12T01:00:00Z,Quarter-final,43971,138.04
400021541,151707,2026-07-14T19:00:00Z,Semi-final,43946,113.98
400021541,151707,2026-07-14T19:00:00Z,Semi-final,43969,115.01
400021540,151708,2026-07-15T19:00:00Z,Semi-final,43942,107.65
400021540,151708,2026-07-15T19:00:00Z,Semi-final,43922,106.64
400021542,151709,2026-07-18T21:00:00Z,Play-off for third place,43946,107.32
400021542,151709,2026-07-18T21:00:00Z,Play-off for third place,43942,107.72
400021543,151710,2026-07-19T19:00:00Z,Final,43969,148.02
400021543,151710,2026-07-19T19:00:00Z,Final,43922,142.03